{
  "phase1": {
    "accuracy": [
      0.6767676472663879,
      0.8888888955116272,
      0.9292929172515869,
      0.9696969985961914,
      0.9898989796638489,
      1.0
    ],
    "auc": [
      0.8855262994766235,
      0.8736841678619385,
      0.8539474010467529,
      0.9513157606124878,
      1.0,
      0.9999999403953552
    ],
    "loss": [
      0.6650946140289307,
      0.2873593866825104,
      0.1648980677127838,
      0.1276710331439972,
      0.04508301243185997,
      0.02488701231777668
    ],
    "val_accuracy": [
      0.9583333134651184,
      1.0,
      1.0,
      1.0,
      1.0,
      1.0
    ],
    "val_auc": [
      0.9999999403953552,
      1.0,
      1.0,
      1.0,
      1.0,
      1.0
    ],
    "val_loss": [
      0.3691253662109375,
      0.1584528535604477,
      0.06915202736854553,
      0.040411245077848434,
      0.034399162977933884,
      0.03204270824790001
    ],
    "learning_rate": [
      0.0010000000474974513,
      0.0010000000474974513,
      0.0010000000474974513,
      0.0010000000474974513,
      0.0010000000474974513,
      0.0010000000474974513
    ]
  },
  "phase2": {
    "accuracy": [
      0.6666666865348816,
      0.9191918969154358,
      0.8181818127632141,
      0.8585858345031738,
      0.8383838534355164
    ],
    "auc": [
      0.6973683834075928,
      0.9276316165924072,
      0.9460526704788208,
      0.9868420958518982,
      0.7881578803062439
    ],
    "loss": [
      0.7663585543632507,
      0.27833491563796997,
      0.371964693069458,
      0.33474230766296387,
      0.3937779366970062
    ],
    "val_accuracy": [
      1.0,
      1.0,
      1.0,
      1.0,
      1.0
    ],
    "val_auc": [
      1.0,
      0.9999999403953552,
      1.0,
      1.0,
      1.0
    ],
    "val_loss": [
      0.13080649077892303,
      0.10868531465530396,
      0.0925341323018074,
      0.08025871962308884,
      0.07147981971502304
    ],
    "learning_rate": [
      9.999999747378752e-06,
      9.999999747378752e-06,
      3.999999989900971e-06,
      3.999999989900971e-06,
      1.6000000186977559e-06
    ]
  }
}